id,class_name,duration,instructor
1,Lemke Inc,60.45,Case Lingfoot
2,"Flatley, Schimmel and Nitzsche",38.65,Darby Cumberledge
3,Rath Group,60.63,Christabel Di Carli
4,Ledner Group,17.87,Francois Worsnop
5,Spinka-Balistreri,15.06,Thaddeus Daglish
6,Cummerata Inc,16.92,Rosa Brannon
7,"Bayer, Kessler and Yost",56.74,Brooke Eva
8,McDermott Inc,61.62,Savina Godsafe
9,"Dooley, Treutel and Blanda",31.3,Gerrie Van der Spohr
10,Gerlach LLC,30.34,Sibeal Huscroft
11,Crona-Keebler,52.23,Jena Ricarde
12,Bayer-Reichert,52.52,Rosa Van Halen
13,Hessel LLC,73.54,Ivar Sommersett
14,Lebsack Inc,93.29,Romeo Middlewick
15,Bahringer Inc,78.29,Keenan Goodwins
16,Lockman-Stanton,46.52,Cheryl O'Carrol
17,"Miller, Dicki and Schoen",63.75,Pammi Perutto
18,"Bergnaum, McLaughlin and Sanford",95.71,Stephani Maffucci
19,Krajcik Inc,87.52,Hedwig Haydn
20,Lowe Group,66.58,Taddeusz Umpleby
21,Reichert-Kshlerin,49.54,Enrique Billingham
22,"Schneider, Hansen and Lakin",49.31,Nikolaus Atter
23,Kirlin and Sons,96.86,Alberik Bradborne
24,Beier-Beer,27.64,Krissy Digman
25,"Lueilwitz, Parisian and Spencer",61.16,Floris Beddis
26,Simonis-Haley,33.91,Jim Abel
27,"Von, Yundt and Kassulke",68.21,Fitzgerald Maplethorp
28,"Green, Legros and Hickle",10.23,Anne-marie Scarlett
29,Sporer-Corwin,30.91,Averell Del Dello
30,Crooks-Treutel,62.94,Lorrie Husband
31,Tremblay-Keebler,62.42,Courtney Crutchfield
32,Witting-Hartmann,42.63,Arthur Coatman
33,Maggio Group,36.57,Stanly Rutland
34,Emard-Grady,43.27,Maritsa Alldridge
35,"Yost, Green and Reynolds",76.09,Ralina Tritton
36,Will-Harvey,75.39,Gaylord Seville
37,Mohr-Emard,83.29,Whitney Mordanti
38,Welch-Wilderman,7.77,Ralph Ruddiforth
39,Luettgen Group,43.84,Melosa Merkel
40,Greenholt LLC,18.78,Sada Fowlie
41,"Dickinson, Boehm and Tromp",44.84,Keri Rickcord
42,Cormier LLC,68.72,Esma Cobb
43,"Bernhard, Bednar and Cronin",18.22,Fionna Hotton
44,Parisian and Sons,22.16,Lyle Emburey
45,Sawayn-Nolan,3.68,Modesty Wedgbrow
46,Witting Inc,59.02,Willow Dottrell
47,Aufderhar LLC,79.76,Rosy Bilbrooke
48,Greenholt-Goyette,96.55,Egor Cordero
49,Trantow LLC,35.52,Nevins Wawer
50,Kunde-Friesen,41.34,Demetra Starling
51,"Parisian, Mertz and Ratke",74.21,Cirillo McTurlough
52,Kris Group,78.31,Lori Cheston
53,"Boehm, Walsh and Bergnaum",83.73,Humfrey Heimann
54,Runte-Durgan,96.82,Yule Beaze
55,Stoltenberg Inc,82.48,Tracey Quenell
56,Kautzer and Sons,84.02,Athene Bayldon
57,"Gutkowski, Zboncak and Rempel",76.63,Mair Davidowsky
58,Huel-Wintheiser,58.03,Shannen Sesser
59,Kuhn-Larkin,80.92,Jeri Munning
60,Kreiger-Yundt,51.76,Emmerich Mantram
61,Renner Inc,44.55,Flo Bamlet
62,Schmeler LLC,60.65,Alex Deam
63,"Pollich, Runolfsson and Schneider",62.94,Byran Nipper
64,Zulauf LLC,41.14,Elysha Mottley
65,Wilkinson-Abernathy,44.51,Camille Leader
66,"Koch, Champlin and Greenholt",91.16,Donnie Wavish
67,Murphy and Sons,50.65,Boigie Burnsell
68,"Lynch, Schowalter and Adams",54.3,Luise Frankish
69,Von-Abshire,86.46,Neysa Try
70,"Rath, Corkery and Hilll",44.73,Giacomo Eykelhof
71,Cummerata and Sons,84.58,Annissa Wolffers
72,Kiehn LLC,21.49,Anthe Philpin
73,Williamson-Howell,49.07,Ty De Benedictis
74,Greenholt Inc,76.7,Lyle Daniello
75,Skiles LLC,95.75,Jyoti Goslin
76,"Fadel, Tillman and Lesch",90.57,Pietrek Ferreira
77,Bode-Batz,7.74,Wallache Matkin
78,Anderson Group,37.25,Emmalynn Gynne
79,Sanford Group,42.78,Eberto Gormley
80,Nader-Cummerata,53.6,Tallia Andrzejczak
81,"Quitzon, Klocko and Rutherford",47.4,Rebekkah Roglieri
82,Lynch-Douglas,68.8,Lotti Shadwick
83,"Schneider, Flatley and Rodriguez",22.44,Elliot Maw
84,Stokes and Sons,67.13,Hamlin McCandie
85,Johnston Group,92.63,Morten Sproat
86,Prohaska Group,83.48,Sergei Clappson
87,"Murray, Medhurst and Cole",70.32,Scott Cartman
88,White and Sons,50.7,Bogart Slyvester
89,Wiegand Inc,87.68,Kass Horsewood
90,"Cronin, Rau and Kovacek",71.65,Jocko Blencowe
91,Gutkowski-Wyman,53.12,Fidel Rosenau
92,"Kohler, Fahey and Nitzsche",12.39,Garret Lindsay
93,Bayer-Deckow,68.77,Laughton Nortcliffe
94,Raynor Inc,97.07,Fredrika Cordobes
95,Beahan Group,79.88,Germaine Bultitude
96,"Kessler, Koch and McCullough",91.73,Eimile Stiant
97,Haag-Windler,11.32,Frederica Ayer
98,McClure LLC,15.97,Deeann Hayto
99,"Green, Zemlak and Ebert",69.94,Ewan Brittin
100,Pfeffer-Will,1.71,Dynah Nicely
101,"Okuneva, Hills and Adams",32.77,Stanislaus De Atta
102,"Wilderman, Greenholt and McLaughlin",32.21,John Plumstead
103,"Skiles, Reynolds and Fadel",65.22,Billy Meus
104,Boyer-Rau,74.14,Calley Gleasane
105,Nikolaus LLC,8.15,Illa McKibben
106,Maggio-Corkery,15.32,Haroun Bletsor
107,Dooley Group,89.98,Frederica Sheaber
108,Fritsch-Jacobi,87.44,Stearne Browse
109,"Emard, King and Schaefer",57.39,Carly Sparey
110,Bradtke Inc,49.34,Darcey Kelsall
111,Reinger-Bailey,92.71,Raff Wohler
112,Schuster-Hartmann,82.13,Sallyanne Shimoni
113,Schroeder LLC,8.05,Hayes Taborre
114,"O'Keefe, Pfeffer and Douglas",14.46,Carline Machel
115,Yundt-Walsh,2.69,Sukey Bolter
116,Bernier-Bernhard,78.89,Holly-anne Gokes
117,Davis-Ondricka,13.9,Charlie Smy
118,Pacocha-Wisozk,63.99,Edvard Dilston
119,Lindgren and Sons,38.48,Winifred Lackie
120,"Nitzsche, Streich and Lemke",97.38,Tildie Farreil
121,Murray Group,55.12,Cobb Morando
122,"Shanahan, Volkman and Bahringer",31.66,Consalve D'Andrea
123,"Walter, Monahan and Carter",24.97,Raffarty Sooper
124,"Bashirian, Tillman and Weimann",61.79,Garvy Bagot
125,Hackett and Sons,81.32,Margette O'Curran
126,Bashirian-Miller,7.02,Madelyn Janata
127,Hodkiewicz Inc,49.95,Enos Neicho
128,Pouros-Bins,75.97,Tuesday Solano
129,Boehm-Hirthe,38.19,Giustina Hebbs
130,"Marks, Corkery and Williamson",45.79,Rita Estevez
131,Jakubowski-Shanahan,38.94,Edgard Merrgan
132,Krajcik-Kihn,27.75,Bail Walding
133,"Murray, Waelchi and Considine",79.95,Zorina Woodier
134,Shanahan Inc,25.44,Grata Edwicke
135,Paucek-Lesch,40.66,Quintina Seldner
136,Fritsch and Sons,13.92,Leese Oiller
137,Marquardt-Schoen,19.83,Leann Gayden
138,"Upton, Yundt and Abernathy",46.47,Teddie Heintze
139,Weimann-Schmitt,35.47,Pinchas Gowenlock
140,Williamson LLC,60.65,Melitta Arno
141,"Spinka, Kautzer and Huels",8.43,Grover Simonyi
142,"Klein, Ankunding and Durgan",27.25,Pate Houlston
143,Barton-Hauck,26.32,Nikoletta McPolin
144,"Shields, Braun and Collins",86.98,Burlie Karlmann
145,Skiles Inc,66.11,Yardley Rilton
146,Smith Inc,36.62,Emmey Ridewood
147,"Barton, Feeney and Kohler",26.07,Johnathan Wederell
148,Simonis Group,31.46,Lurline Carlton
149,Ernser LLC,22.04,Baxie Woodus
150,Kunde-Leffler,94.01,Michaella Greenhall
151,"Tromp, Beier and Thiel",51.72,Libby Ferrillio
152,Denesik-Lakin,19.65,Aurel McGauhy
153,"Kirlin, Mayer and DuBuque",29.98,Nonie Francioli
154,"Hyatt, Mertz and Kessler",56.78,Wrennie Matschke
155,Lesch-Considine,71.3,Madelin Gaine of England
156,Price Inc,48.03,Dorotea McCourtie
157,Stiedemann Group,11.85,Tammy Copcutt
158,Oberbrunner-Kerluke,32.88,Anatollo Pett
159,Metz and Sons,13.13,Ronda Gatherell
160,Tromp and Sons,83.84,Bary Maypother
161,King-Graham,16.54,Stevena Hutcheson
162,Rath-Hahn,3.37,Antin Oseland
163,"Smith, Schamberger and Mohr",70.43,Kiley Atlee
164,Parker Group,47.56,Grantham Beebe
165,"White, Sanford and McDermott",78.33,Marna Featonby
166,Kshlerin-Beahan,57.23,Tabby Kettleson
167,Casper-Okuneva,92.52,Ade Dunan
168,Nitzsche Group,4.25,Yetty Father
169,Littel Inc,48.98,Venus McCloy
170,Mohr-McClure,39.69,Nance Matchett
171,Krajcik and Sons,88.85,Mariellen Scarratt
172,"Jakubowski, Langworth and Jast",21.35,Dorelia Wigsell
173,Gutmann LLC,23.08,Cristin Massot
174,Upton-Kihn,93.98,Berthe Eglinton
175,Labadie and Sons,88.51,Francesca Belcham
176,"Schiller, Witting and Kuvalis",13.46,Appolonia Fihelly
177,Hintz-Bechtelar,45.24,Alexandre Kopisch
178,"Miller, Pacocha and Stoltenberg",14.06,Gavra Cossom
179,"Feil, Hagenes and Lockman",22.1,Dinah Croser
180,Heathcote Inc,77.77,Bell Emanuele
181,Rice-Berge,22.66,Christa Stilliard
182,Murray LLC,67.09,Norah Murt
183,Williamson-Cummings,89.01,Dasie Martin
184,"Schinner, Schneider and Stark",46.68,Emmott Matusiak
185,Beatty and Sons,44.45,Seth Aspital
186,Lemke and Sons,74.33,Vivyan Haylands
187,Cummerata-Considine,38.02,Randall Ebourne
188,Bins Inc,53.46,Romy Curnock
189,"Bartoletti, Orn and Little",53.16,Francis Kalkofen
190,"Fadel, Wiza and Ankunding",92.74,Keeley Cousins
191,"Zieme, Bechtelar and Predovic",10.38,Sunshine Alyoshin
192,Tremblay Inc,93.66,Huberto Anstiss
193,"Bogisich, Mosciski and Schroeder",45.86,Nealon Samson
194,"Collins, Barrows and Lynch",96.63,Elvira Glowacha
195,Cole LLC,71.2,Auria Cholonin
196,Tremblay and Sons,96.81,Towny Marti
197,"Heidenreich, Wiegand and Gerlach",21.76,Sanson Novis
198,Glover-Ferry,42.19,Sandra Clew
199,"Gerlach, Harris and Kilback",20.82,Alfred Catlette
200,Hyatt Inc,97.73,Alphonso Freschini
201,Little-Mosciski,58.07,Noak Lowerson
202,Heidenreich LLC,30.4,Reggi Fontaine
203,"Littel, Strosin and Stracke",48.1,Eloise Juanico
204,"Runolfsson, Cassin and Hegmann",43.5,Halley Alcock
205,Cruickshank-Williamson,75.93,Arliene Bosman
206,"Wunsch, Smith and Corwin",41.67,Kelley Ezele
207,Konopelski-Kub,11.66,Arv Cranny
208,"Hilll, Kihn and Hansen",12.14,Fidelio Croisdall
209,"Pfannerstill, Vandervort and Quitzon",39.9,Shaw Mitkcov
210,"Langworth, O'Conner and Harber",66.35,Yorgos Ixor
211,"Shanahan, Mueller and Kilback",56.54,Olag Naisby
212,"Turner, Goyette and Wolff",49.9,Bryna Wintle
213,Hamill and Sons,37.52,Stavros Wallbanks
214,Aufderhar Inc,22.09,Cassandra Wann
215,Fahey Inc,65.36,Cassaundra Mill
216,Kuhn-Haag,75.61,Alisun Dorey
217,Thompson LLC,31.41,Lenee Maddie
218,Reinger-Wintheiser,46.26,Chanda Dicky
219,Parisian and Sons,42.85,Timi Ricard
220,Gottlieb and Sons,88.38,Melvyn Lemin
221,Kirlin and Sons,34.16,Danie Szachniewicz
222,Predovic Group,35.09,Allin Bearcock
223,"Kozey, Maggio and Rutherford",91.0,Ariel Desantis
224,Dickinson Group,91.84,Nowell Lamborne
225,Hammes-Davis,39.48,Chickie Kemmis
226,Hauck-Marks,58.98,Edmon Rysdale
227,"Oberbrunner, Powlowski and Dickens",26.03,Jarib L' Estrange
228,"Bayer, Hagenes and Watsica",40.95,Wyatt Gillham
229,Schroeder LLC,1.34,Garrek Yarn
230,"Howe, Breitenberg and Sanford",84.65,Anabel de la Tremoille
231,Hammes and Sons,53.75,Zonda Mocker
232,Grimes LLC,10.53,Silvano Donet
233,Casper-Hettinger,68.54,Reagan Kienlein
234,"Schoen, Russel and Howe",4.55,Zebulen Goaley
235,"Kuhlman, Fadel and Sawayn",17.92,Shelly Vigers
236,Schaden-Ebert,91.73,Humphrey Paskins
237,Marvin LLC,40.64,Kata Landreth
238,Wisozk-Mohr,74.36,Lilla Hamfleet
239,"Sawayn, Franecki and Hessel",61.01,Cathrine Escoffrey
240,Auer Inc,42.2,Alvin Vanelli
241,Mann and Sons,70.52,Shirl Erley
242,Moen-Donnelly,24.65,Chrysler Spilsted
243,Bosco Group,50.13,Fernando Bransden
244,"Goyette, Boyer and Hilll",65.52,Jennette Carter
245,Pagac-Orn,58.71,Georgia McNea
246,"Borer, Adams and Wilkinson",27.33,Elihu Oliff
247,"Brakus, Schumm and Homenick",23.59,Nichols Cathrall
248,Jaskolski-Braun,71.71,Rosaleen Skillett
249,Rau-Roob,73.63,Dominic Aspall
250,Schinner Group,67.89,Oralee Gilfoy
251,Vandervort-Howe,62.96,Sargent Jacquemy
252,Rolfson-Ritchie,58.88,Drake Flaws
253,Muller-Baumbach,42.87,Kial Sanpher
254,Spencer-MacGyver,71.93,Adena Fice
255,Erdman-Waelchi,88.28,Amanda McCusker
256,Kessler-Prosacco,83.89,Dottie Pierse
257,Dach-Glover,41.67,Dawn Goulston
258,McClure Inc,98.95,Pierre Petrescu
259,Christiansen and Sons,4.62,Sharl Platfoot
260,Bruen-Padberg,59.53,Griffin Yukhnov
261,Mertz-Considine,65.3,Alaster Turrell
262,"Ritchie, Kuvalis and Mills",96.23,Gibbie Alonso
263,"Miller, O'Reilly and Blick",58.92,Vernen Lewing
264,Abshire-Kuhlman,85.83,Karlyn Dooney
265,"Rippin, Kassulke and Reilly",17.94,Gordan Gilley
266,Harvey LLC,16.4,Ricki Cuphus
267,"Pagac, Moore and Conn",76.79,Lynelle Padefield
268,"Parker, Schiller and Lind",8.31,Ebony Sustins
269,"Farrell, Volkman and West",60.28,Ailee Nehls
270,Stiedemann Group,50.25,Arch Scain
271,Lubowitz LLC,71.73,Amil Selway
272,Cummings Inc,36.28,Kendell Battrick
273,Heller Inc,4.01,Cecilla Grossman
274,Wyman LLC,2.05,Tamar Flecknoe
275,"Von, Gislason and Hoeger",62.62,Diana Pendle
276,Runte-Legros,67.87,Torrance Ive
277,"Stokes, Frami and Pfeffer",49.59,Clio Portress
278,"Parker, Konopelski and Gulgowski",29.3,Ulrick MacMychem
279,"Williamson, Gleichner and Leffler",57.3,Catlin Simyson
280,"Nitzsche, Grimes and Ziemann",22.21,Ellis Taffie
281,Quigley-Hane,54.57,Nanine Regina
282,Feest-Lakin,90.02,Nydia Tetther
283,Rippin-Prohaska,16.22,Myrah Bachelor
284,Lehner Group,84.76,Ronnie Muglestone
285,Kuphal-Abshire,52.67,Billi Burril
286,"Towne, Klein and Predovic",34.16,Elsinore Boas
287,Considine LLC,25.5,Tierney Lindenblatt
288,Kirlin-Marks,25.34,Faber Bartlosz
289,"Kling, Upton and Vandervort",42.49,Emlynn Corneck
290,"Schmidt, Bergnaum and Blanda",40.8,Lyndsay Hawkeridge
291,Gottlieb-Ondricka,38.7,Meryl Kantor
292,Waelchi Inc,68.33,Dill Morrilly
293,Metz-Doyle,50.11,Leigha Macia
294,Herman LLC,25.02,Kevina Caherny
295,Mertz and Sons,72.95,Joachim Estabrook
296,Hintz Inc,34.59,Wolfgang Lynd
297,Kris-Conn,32.99,Taddeo Targe
298,Koss Inc,63.06,Steve Stooders
299,Turner-Schultz,52.82,Codie Swatheridge
300,"Nikolaus, Boehm and Kovacek",83.51,Dill Stirtle
301,MacGyver-Ruecker,30.51,Zolly Lutzmann
302,"Bruen, Mann and Nicolas",50.89,Tobye Humbee
303,"Lockman, Cummings and Carter",27.83,Andriette Letchmore
304,Ledner-Douglas,31.65,Marje Mayte
305,Bernier-Feil,65.92,Buddy Garnsey
306,Thompson LLC,62.54,Jarret Gloves
307,"Block, O'Connell and Bechtelar",58.84,Nanice Fittall
308,"McClure, Brakus and Kub",40.98,Morna Barends
309,Anderson-Fisher,46.71,Germain Gookey
310,Kovacek LLC,64.49,Merl Slater
311,O'Keefe Group,39.06,Harold Peet
312,Ankunding LLC,26.48,Ev Colleton
313,"Haag, Lowe and VonRueden",33.4,Tybie Anselm
314,Kemmer Group,31.34,Haily Lattimer
315,Kuhlman-Veum,53.07,Mitch King
316,Quitzon-Hodkiewicz,96.28,Helga Jedraszek
317,"Stanton, Bashirian and Conroy",83.95,Rorie Moxsom
318,Satterfield LLC,41.06,Winston Potticary
319,"Herzog, Smith and Effertz",24.16,Faydra Barck
320,Kiehn Inc,14.95,Chancey Ashlee
321,Murphy Inc,78.79,Georgi Francke
322,"Welch, Price and Kerluke",4.21,Rhianna Curgenven
323,"Jacobi, O'Kon and Baumbach",83.4,Luce Fromont
324,Greenholt-Smith,76.55,Ira Rickcord
325,Weissnat-Gulgowski,46.24,Virgie O'Mara
326,Gutkowski Group,54.93,Stella Ferentz
327,Shanahan-Lowe,12.92,Fania Stanfield
328,Hintz Group,87.78,Chloe Cotilard
329,Luettgen Group,6.55,Patricia Cooksey
330,Ratke Inc,93.12,Calida Grinyer
331,Kerluke-Parisian,47.65,Martha Broader
332,Auer Inc,89.87,Koressa Killingworth
333,"Satterfield, Miller and Kozey",46.86,Eward Ciccottini
334,Moen-Orn,37.06,Ora Kirley
335,Schultz-Wolff,36.13,Garner Lawtey
336,Stokes-Hills,17.11,Briny Bear
337,Weber-Labadie,79.81,Kelwin Kernell
338,Becker and Sons,75.85,Annora Crookes
339,"Halvorson, Medhurst and Spinka",17.56,Berke Antonik
340,Kreiger and Sons,97.38,Veronique Bromehead
341,"Heathcote, Heidenreich and Koss",7.88,Noni Sulman
342,"Frami, Littel and Weissnat",77.52,Richmound Dan
343,Casper and Sons,53.6,Paolo Di Pietro
344,Dach-Bailey,6.4,Andra Piatkow
345,Gulgowski-Cronin,80.91,Leia Cristofano
346,Nikolaus-Doyle,23.53,Elnar Ackeroyd
347,"Auer, Prohaska and Rutherford",45.3,Jobina Elmar
348,Kunze Inc,99.84,Davida Frede
349,Fritsch-Bode,59.86,Tamqrah Bricket
350,Crist-Denesik,50.68,Welch Quelch
351,"Daugherty, Kertzmann and Hane",8.85,Archer Clausson
352,"McCullough, Considine and Olson",78.43,Tiff Mawford
353,Koch-Murazik,5.05,Fayth Oppie
354,Mante-Rippin,39.48,Minette Wozencraft
355,"Littel, Pollich and Nikolaus",6.77,Corny Works
356,"Harber, Rogahn and Hauck",44.87,Patrizio Fogarty
357,Armstrong-Beer,75.68,Lorri Donke
358,Mante-Schmitt,51.95,Brana Smeuin
359,King-Howell,33.22,Barnie Berryann
360,Bednar-Skiles,46.9,Nonie Severs
361,Greenholt-Wolf,18.1,Fiann Boshere
362,Powlowski Group,78.42,Binnie Hiscoke
363,"Leannon, Skiles and Green",18.71,Constancy Rase
364,"Crona, Cremin and Stoltenberg",23.63,Jocelin Astbery
365,"Wilkinson, Osinski and Kuvalis",62.04,Donna Haresnape
366,Wiza-Bosco,16.18,Moise Veeler
367,Green LLC,54.34,Germaine Basill
368,Green-Denesik,19.29,Kathie Geaney
369,Pouros-Boehm,42.03,Cristi Emslie
370,"Roberts, Bosco and Wuckert",36.68,Pierson Roxby
371,"Feest, Terry and Hansen",68.46,Had Keedwell
372,Miller Group,90.34,King Legion
373,Cruickshank Group,99.73,Mac Duxbury
374,Bernhard-Turner,18.37,Udall Easlea
375,Hauck Group,18.28,Arlee Knotte
376,Pacocha-King,18.18,Felic Roly
377,Torp-Schaden,42.19,Chevalier Livermore
378,"Raynor, Connelly and Hettinger",53.81,Beale Rabbitt
379,"Reilly, Kuhlman and Rowe",80.33,Amelie Mehaffey
380,Wilkinson-Champlin,6.32,Codee Bourcq
381,Feil-Ruecker,56.01,Karel Levine
382,Glover-Hilll,34.34,Jazmin Aubry
383,"Abernathy, Kassulke and Ziemann",92.53,Harp Esseby
384,"Cole, Prosacco and Mayer",41.39,Babita Gaine
385,Turcotte-Langosh,10.76,Benjamen Capsey
386,Heathcote and Sons,54.99,Jereme Verheyden
387,Marks LLC,47.13,Felix Oller
388,Pollich LLC,57.8,Haydon Young
389,Jenkins-Heller,44.63,Logan Penniall
390,"Cruickshank, Pfeffer and Bergstrom",75.66,Jarad Liddon
391,"Zulauf, Larson and Ledner",58.73,Robert Knewstub
392,Kuhlman Inc,30.38,Iggy Benkin
393,Harvey-Schuppe,15.49,Georgy Endley
394,"Jenkins, Harvey and Ferry",88.83,Ernesta MacGarvey
395,"Carroll, Gorczany and Gislason",99.7,Raine Latey
396,Moore Inc,92.25,Lotty Minton
397,"Deckow, Nikolaus and Lind",16.85,Maggi Cisco
398,Wolf-Friesen,21.32,Tamara O'Garmen
399,Howe-Sporer,79.02,Ralina Twitty
400,Cruickshank-Zboncak,26.37,Barrie Clausewitz
401,"Beier, Bayer and Walsh",18.77,Mayne Ludovico
402,Ondricka-Funk,1.87,Barb Seel
403,Sporer and Sons,27.78,Tam Fulford
404,Schiller-Williamson,7.98,Cathi Cloutt
405,Hessel-Baumbach,95.48,Aurie Anderton
406,"Roob, Hartmann and Leannon",23.73,Mart Pegden
407,Walsh-Morar,17.83,Shae Errett
408,"Schinner, Toy and Hartmann",16.85,Charis Sibley
409,Bernhard-Conroy,41.24,Hedda Beig
410,"Bins, Oberbrunner and Pfeffer",24.78,Katrina Ealles
411,Luettgen Group,99.23,Amory Simonetti
412,"Christiansen, McClure and Senger",65.85,Junina Becerro
413,Zboncak-Grant,19.69,Gerick McClounan
414,"Pfeffer, Hahn and Blanda",76.3,Sutherlan Rapin
415,Windler Inc,2.94,Saraann Pechan
416,"Roberts, Monahan and Russel",6.18,Joleen Budnk
417,"Wyman, Gulgowski and Kutch",72.1,Gisela Coldridge
418,Lebsack-Hackett,35.51,Everett Lohde
419,Raynor and Sons,40.49,Jamil Diben
420,Marks-King,35.73,Gilli Pittham
421,"Funk, Huels and Leuschke",40.91,Marcelia Sweeten
422,"Keeling, Swift and Smith",73.95,Vita Hazelden
423,"Vandervort, Murazik and Goyette",30.97,Allene Craigie
424,"Jaskolski, Wyman and Huels",72.84,Jammal Alejo
425,Jacobs Inc,17.72,Livvy Aikin
426,Zemlak and Sons,20.09,Philomena Truce
427,Satterfield Group,74.21,Enrichetta Pietzker
428,Ankunding Group,48.1,Natalee Grigolli
429,Kris-Conroy,91.36,Janean McRonald
430,Schumm Inc,52.48,Thorin Kelloway
431,Spinka and Sons,54.15,Deonne Botcherby
432,Wisozk and Sons,50.96,Godfrey Zohrer
433,Bosco Group,68.11,Pauly Cowern
434,Murazik Group,32.97,Heinrik Latour
435,Schultz Inc,33.55,Ximenes Cairney
436,Balistreri Inc,88.67,Audi Camocke
437,Block Inc,73.4,Marna Trippick
438,Nikolaus Group,93.23,Vinny Cullerne
439,Padberg-Bergnaum,56.12,Gearalt McClenaghan
440,"Bartell, Littel and Von",85.59,Yovonnda Pechacek
441,Ondricka-Borer,1.56,Mac Demangeot
442,Lang and Sons,63.08,Rubi Braga
443,"Boyle, Rice and Cruickshank",73.87,Bjorn Rollingson
444,Nienow and Sons,57.59,Jere Boote
445,"Leuschke, Hilpert and Walsh",82.08,Lynsey Uzzell
446,"Lueilwitz, Quigley and Beatty",9.51,Layla Olenin
447,"Yost, Anderson and Johns",44.66,Oliviero Spittal
448,"Reilly, Crist and Mills",80.35,Forbes Arpur
449,Mills-O'Kon,63.57,Celina Carlisi
450,"Stark, Heidenreich and Monahan",2.42,Haskel Skeermor
451,Krajcik Inc,71.53,Lenna Devennie
452,Kilback LLC,65.64,Francisco Masic
453,"Altenwerth, Bradtke and Boyer",7.72,Augustina Ekins
454,"Lakin, Jones and Brakus",24.45,Viva Olivazzi
455,Price Inc,76.95,Lonny Auger
456,"Brakus, Padberg and Batz",23.59,Daven Blofield
457,Hettinger-Sawayn,73.69,Urbanus Padson
458,"Dooley, Okuneva and Crooks",2.47,Aviva Pickworth
459,"DuBuque, Thiel and Maggio",11.26,Raven Townby
460,Mraz Inc,17.63,Tobiah Fone
461,"Braun, Kulas and Gerlach",13.63,Livia Bladesmith
462,"Barrows, Kovacek and Gerhold",68.31,Vale Neal
463,"Schaefer, Wyman and Williamson",45.74,Horacio Grigs
464,"Becker, Treutel and Schuppe",10.13,Melany Glantz
465,"Weber, Emard and Swaniawski",90.23,Myca Muckloe
466,Dooley Group,44.82,Vilhelmina Scoines
467,Schmitt-Padberg,94.7,Salvatore Spilisy
468,D'Amore Group,39.23,Honoria Lampl
469,"Brown, Hettinger and Bahringer",88.85,Vito Piola
470,"Cormier, D'Amore and Keebler",16.93,Sandy Seakes
471,Sawayn-Beier,38.69,Nicol Breagan
472,Kunze and Sons,93.23,Roger Jealous
473,Padberg LLC,94.41,Tito Broadey
474,"Toy, Berge and Kautzer",26.87,Giavani Begbie
475,Runte Inc,15.66,Jordan Sproul
476,Kemmer-Monahan,18.13,Vladamir Capini
477,O'Reilly-Beier,34.77,Hilliary Bachelar
478,Weimann and Sons,84.26,Wain Fayerbrother
479,"Moen, Huel and Jones",27.56,Adrian Mapam
480,"Grimes, Rogahn and Schulist",79.26,Cleo Cristofolo
481,Paucek-Herman,11.46,Agata Poff
482,Blanda-Aufderhar,76.84,Carroll Leschelle
483,Weimann Inc,77.28,Herminia Harburtson
484,Schmeler-Hudson,16.62,Esmeralda Erik
485,Rolfson-Yundt,70.18,Suzette Strongitharm
486,Mayer-Glover,64.16,Denys Patrie
487,Bahringer Group,83.28,Pearle Eadmead
488,"Schroeder, Bogisich and Spinka",66.82,Hetti Elgy
489,Grady-Waters,48.77,Joline Mylan
490,"Durgan, Hauck and Kilback",72.16,Barbey Anthill
491,"Watsica, Smitham and Bergstrom",88.15,Myrta Redolfi
492,Gusikowski and Sons,6.53,Maryjo Botright
493,"Marks, Schamberger and Crona",56.88,Kizzie Aberkirder
494,Sanford-Bernhard,58.16,Julia Petrina
495,"Gutkowski, Goyette and Bailey",73.0,Austin Shemwell
496,"Keeling, Schulist and Kuhn",26.69,Carlyn Waber
497,Bogisich-Denesik,82.88,Karola Dallimare
498,Lindgren-Von,98.91,Donnajean Glowacki
499,McCullough LLC,51.44,Garrek Oylett
500,"Boehm, Mayer and Harris",55.33,Seward Odell
501,Schaefer-Conroy,8.66,Edita Newlin
502,Maggio-Greenfelder,23.16,Preston Daltrey
503,Lind Group,65.63,Rudie Lindelof
504,Hickle-Roob,59.66,Spike Tripett
505,"Okuneva, Lindgren and Windler",66.37,Niki Furnival
506,"Predovic, Schowalter and Hammes",74.25,Devon Treswell
507,DuBuque LLC,51.7,Reid Burnel
508,McGlynn-Grimes,5.61,Dorena Parnby
509,"Koelpin, Rolfson and Conroy",46.4,Obed Bulfit
510,Labadie and Sons,82.34,Cris Duchateau
511,"Pacocha, Spinka and Morissette",45.92,Corene MacGinlay
512,McCullough-Goldner,33.71,Dorry Laslett
513,"Ruecker, Larson and Wolf",97.42,Elysha Alcorn
514,"Kuhn, Murazik and Haley",87.06,Kennie Epilet
515,Yundt Inc,75.69,Davina Grzegorczyk
516,Bernier Group,29.36,Helene Wynrehame
517,"Gutmann, Rippin and Kirlin",74.69,Aurthur Shama
518,McCullough-Davis,33.56,Korie Faccini
519,Braun and Sons,28.01,Care Picott
520,Botsford-Aufderhar,90.61,Val Pepperd
521,VonRueden Group,17.02,Fernando Garroway
522,Nikolaus-Parisian,22.0,Vachel Draude
523,Runolfsdottir-Nitzsche,98.05,Renate Chafney
524,Robel Group,98.34,Petronilla Enever
525,Lockman-Bosco,24.89,Karin Arundel
526,"Wolff, Krajcik and Muller",86.55,Leilah Lyal
527,Romaguera-Cremin,26.06,Ricky Laytham
528,"Weimann, Weber and Stanton",95.34,Tait Lauga
529,Graham Group,51.9,Nady Wellan
530,Kozey Inc,98.18,Salome Pawle
531,"Emmerich, Mills and Smith",71.39,Davidson Cully
532,Kunze LLC,50.38,Jacobo Haskayne
533,Shanahan-Daniel,9.26,Roslyn McMichell
534,Considine-Stroman,12.02,Caterina Janssen
535,Smith Inc,84.8,Malena Baccup
536,Casper-Boyer,87.25,Vernor Hamill
537,Gleichner-Stark,62.68,Dominique Dignall
538,Luettgen LLC,98.29,Verena Freed
539,Marks-Flatley,3.38,Pascale Carillo
540,"Predovic, Nader and Steuber",44.08,Lib Mealiffe
541,Quitzon-Crooks,39.93,Lenka Matuszkiewicz
542,"DuBuque, O'Connell and Torphy",73.9,Gae Poleye
543,"Hegmann, Heathcote and Hartmann",81.79,Madel Ivakhnov
544,"Rice, Buckridge and Littel",79.51,Susan Fishly
545,Jacobson and Sons,35.84,Darius Zammitt
546,"Upton, Lehner and Mills",31.24,Boothe Haddick
547,Lynch LLC,32.37,Dilly Oglevie
548,"Carter, Johns and Jenkins",41.1,Dani Dainter
549,Dicki-Vandervort,28.76,Deeanne Levee
550,Kuvalis LLC,6.51,Elianora Keslake
551,King and Sons,66.41,Lorene Horlick
552,Goldner-Keeling,53.31,Cob Grayland
553,Jerde and Sons,9.29,Oralia Alleyne
554,Kilback-Hagenes,65.81,Kerrill Maddison
555,Vandervort-Windler,98.27,Doy Roskeilly
556,O'Conner-White,79.65,Korella Stanesby
557,Stamm and Sons,11.76,Foster Trivett
558,Schiller Group,93.97,Marius McElvine
559,"Lockman, Macejkovic and Yost",63.75,Julio Swalteridge
560,"Skiles, Torphy and Kreiger",44.95,Genevieve Andreucci
561,"Bartoletti, Gerhold and Hoeger",42.3,Nadine Braikenridge
562,"Gorczany, Hamill and Macejkovic",2.52,Delcina Karpushkin
563,Nitzsche-Labadie,65.95,Dario Hekkert
564,Oberbrunner-Hills,58.86,Annabell Michelotti
565,Rau and Sons,15.66,Daune Heggs
566,Marvin-Predovic,93.29,Nelli Sargent
567,"Marvin, Kirlin and Brakus",11.6,Beilul Adenot
568,Douglas and Sons,18.75,Janetta Paley
569,Denesik Inc,25.11,Mehetabel Maryott
570,Hand Group,76.09,Eva Strass
571,Bins-Mayer,25.37,Corrianne Dinneen
572,Baumbach Inc,96.96,Rowen Hambling
573,Maggio and Sons,82.81,Yuri Niblock
574,"Collier, Roob and Ledner",60.93,Ester Dobbie
575,"Murazik, Jast and Williamson",68.42,Erin Prevett
576,Murray Group,53.35,Madelon Greenhouse
577,"Streich, Zieme and Carroll",35.83,Fey Napton
578,Crooks and Sons,52.66,Claribel Cazalet
579,"Lindgren, Kshlerin and Yundt",39.75,Darcy Huntriss
580,"Ziemann, Keeling and Beahan",96.22,Vanna Nunnerley
581,Bayer and Sons,42.09,Bentlee Dace
582,"Auer, Beier and Upton",57.79,Colman Quogan
583,Walker-Simonis,74.07,Stuart Draysey
584,Prosacco-Buckridge,36.0,Jean Clifforth
585,Ratke LLC,93.26,Bunnie Doodson
586,Kihn-Nolan,63.4,Johny Signoret
587,Lang-Hyatt,71.04,Tanhya Cuttin
588,Lueilwitz Group,50.64,Peyton Lared
589,Dibbert and Sons,70.55,Caz Mc Dermid
590,"Marvin, Pfannerstill and Oberbrunner",37.22,Pepita Bartlosz
591,Hauck-Rutherford,90.23,Cordey Cripin
592,"Gottlieb, Tremblay and Green",38.81,Gabriello Lenchenko
593,Rowe and Sons,4.51,Faith Normanville
594,Hodkiewicz and Sons,73.22,Winifred Mattis
595,Bahringer Group,24.53,Saba De la Feld
596,Ritchie-Grady,97.91,Chaddie Gladdor
597,"Donnelly, Goldner and Zieme",64.4,Dulciana Knowlson
598,"Swaniawski, Leannon and Gibson",24.17,Randi Duddan
599,"Strosin, Bernier and Leuschke",83.46,Halley Egdell
600,Armstrong-Johnston,62.4,Merwyn Bricknall
601,Blanda-Hamill,16.12,Stern Salterne
602,"Miller, Anderson and Lehner",18.53,Daphene Lockyer
603,Bosco LLC,52.98,Delora Faas
604,"Pollich, Wiza and Schumm",94.98,Hanna Huck
605,"Lehner, Rath and Kunde",3.43,Kerwinn Dumphreys
606,Leffler-Kohler,5.74,Gino Dikles
607,"Crooks, Tillman and Stroman",96.54,Gaston Braunds
608,Boyle-Rodriguez,52.71,Phaedra Rusk
609,Boyer Inc,64.98,Ginnie Achurch
610,Kilback Group,48.08,Evanne Roseblade
611,Barton-Labadie,92.88,Calv Battabee
612,Crist and Sons,40.11,Neely Brennon
613,"Thiel, Steuber and Feeney",35.81,Mozes Renish
614,Pfeffer LLC,77.34,Jourdain Roser
615,"Prosacco, Gibson and Ernser",29.13,Gisela Siemandl
616,Stanton Inc,73.47,Bobby Goulding
617,"Cartwright, McDermott and Hauck",40.4,Gan Budnk
618,Spencer-McKenzie,39.3,Eugenius Kersey
619,Grady and Sons,41.91,Davin Arrighi
620,"Marquardt, Schuster and Wilderman",93.62,Carole Strutt
621,"Spinka, Hand and Pagac",1.88,Hester Schrieves
622,Lakin-Feest,6.82,Costa Seller
623,"Kreiger, Kutch and Block",15.56,Hubert Wensley
624,Jones-Little,16.73,Vikki Eich
625,Wiegand-Renner,65.59,Janek Westoll
626,Runolfsson-Gorczany,30.85,Hailey Besant
627,"Blick, Ritchie and Predovic",31.53,Daisy Hagger
628,Goodwin Inc,98.77,Winni Raymen
629,Dickinson LLC,41.4,Ibbie Molesworth
630,Kerluke-Greenholt,11.14,Alayne Blainey
631,Klein Inc,77.83,Rodd Molesworth
632,Runolfsson-Schmitt,52.58,Sissie Mainstone
633,Nicolas-Wilderman,27.87,Constanta Mechic
634,Berge-Lubowitz,23.04,Tammy Alexis
635,"Ruecker, Cummerata and Yost",11.07,Deanne Moors
636,D'Amore Group,5.7,Christye Langan
637,"Durgan, Fisher and Nader",82.17,Didi Smaile
638,Thiel Group,71.21,Efrem Weathey
639,"Grant, Daniel and McClure",27.44,Tiffie Rack
640,Barton-Gibson,43.97,Hashim Van der Hoeven
641,Rodriguez-Stroman,27.38,Sara Dawber
642,Armstrong LLC,10.48,Diandra Flaune
643,Murray Inc,2.58,Mabelle Harwick
644,Mosciski-Champlin,76.55,Jayme Klimov
645,"Kertzmann, Dare and Donnelly",40.16,Missie Hartup
646,Steuber and Sons,63.95,Sharl Domeny
647,"Stamm, Mosciski and Cremin",95.4,Phip Fitzer
648,Veum LLC,87.67,Christoforo Billinge
649,"Willms, Beatty and Quitzon",3.85,Renado Piken
650,Stoltenberg Inc,61.73,Mickie Daniau
651,Hudson Inc,75.08,Alberta Ouchterlony
652,Conroy-Strosin,59.06,Borden Jewar
653,Orn-Wunsch,3.52,Allistir Robinett
654,Beahan-Stokes,81.77,Peggi Slisby
655,"Harber, Russel and Boehm",85.73,Demetre Parkyns
656,Miller LLC,56.82,Grannie Blazeby
657,Jenkins-Schowalter,84.97,Burr Miguel
658,Bernhard-Rohan,62.04,Misti Ingrey
659,Kling-Mayert,84.67,Darn Leason
660,Smitham LLC,46.87,Murvyn Cubuzzi
661,"Mayer, Cole and MacGyver",96.74,Sibeal Carrack
662,Spinka-Ledner,76.99,Cullan Erington
663,"Rice, Crona and Beahan",50.48,Reta Elizabeth
664,Schroeder-Pfeffer,91.37,Isis Fermoy
665,Grant Group,60.02,Bentley Fetherston
666,"Mosciski, Schuster and Abernathy",66.3,Ives Cadd
667,"Herzog, Cummings and Gislason",80.35,Ariel Tortoise
668,Erdman-Kemmer,5.51,Tiphani Benneton
669,Kuhic-Lubowitz,99.38,Drugi Lay
670,Bogan Group,55.26,Vince Larwood
671,Doyle-Ward,59.98,Marybelle LeEstut
672,Borer and Sons,60.0,Arturo Sadry
673,"Labadie, Waelchi and Blick",6.62,Kirsten McGinnell
674,Keeling Group,32.25,Barbi Aston
675,Bins and Sons,72.6,Niels Gildroy
676,"Rodriguez, Towne and Quitzon",73.21,Brynn Swyre
677,Lubowitz-Effertz,83.31,Biddie Iacobucci
678,Pfannerstill-Paucek,28.86,Andris Ingram
679,Vandervort and Sons,1.31,Nichole Hewertson
680,"Jacobs, Glover and Bailey",19.36,Dulcia Butterwick
681,"Schamberger, Cremin and Wehner",93.92,Ara Mallall
682,Walsh-Paucek,28.64,Lauretta Vogele
683,Konopelski and Sons,39.82,Dena Innot
684,Torphy Group,75.51,Stanfield Othen
685,Schowalter-Cronin,40.48,Thornie Staner
686,"Veum, Langworth and Kshlerin",70.05,Bordy Hopfner
687,Terry and Sons,87.71,Jaquenetta Mills
688,Doyle Group,94.81,Ximenez MacCaughey
689,"Koelpin, O'Keefe and Brekke",45.97,Crystal O'Moylane
690,"Wolff, Satterfield and Abbott",5.3,Chelsey Geroldi
691,Carroll Inc,56.0,Evered Heathcoat
692,"Jenkins, Yost and West",29.67,Devland Bolles
693,"Greenfelder, Reilly and Ankunding",3.9,Tracie Cheers
694,Walter-Herzog,15.67,Janith Marchment
695,Streich-Conroy,30.68,Hayden Herries
696,"Paucek, Stamm and Douglas",41.78,Karlotta Fulton
697,"Muller, Lockman and Olson",90.86,Alfredo O'Kennavain
698,"Schamberger, Bashirian and Sporer",32.36,Kissee Furbank
699,Dicki LLC,54.69,Lyell Labrow
700,Schmidt-Graham,67.59,Mickie Wandrey
701,Gerlach-Hirthe,29.46,Josephine McAlarney
702,Koepp-Wiza,32.19,Jere Frame
703,Okuneva Group,12.07,Janene Manolov
704,Harber-Sipes,50.81,Tommy Tague
705,"Romaguera, Konopelski and Gerhold",9.88,Bertrando Webburn
706,"Morissette, Christiansen and Corkery",88.14,Emlen Beaver
707,"Pfannerstill, Wyman and McCullough",21.98,Eleanor Charlon
708,"Hayes, Legros and Block",11.24,Fax Manclark
709,"Kulas, Prosacco and Champlin",14.51,Bernita Wickins
710,Barrows Inc,14.78,Ferne Vasiliev
711,Reynolds-Pollich,15.52,Rosene Sacase
712,"Paucek, Romaguera and Spencer",31.12,Morrie Menauteau
713,"Boyer, Beahan and Gorczany",3.41,Cleopatra Tripean
714,"Borer, Barton and Berge",69.14,Carter Cancellor
715,Koepp Group,38.94,Jehu Ferrick
716,Casper and Sons,95.34,Beltran Ksandra
717,Greenholt-Schultz,33.02,Caprice Worsfield
718,Spencer Inc,33.59,Boy Lembrick
719,Ward-Stroman,1.68,Dukie O'Haire
720,"Schmidt, Jacobs and Schuster",46.99,Stephie Cowtherd
721,Veum Group,27.93,Trstram Brimblecombe
722,"Davis, Blick and Farrell",51.57,Roth Pennock
723,Jacobs and Sons,6.17,Rik Truin
724,Schowalter Group,82.9,Margo MacHostie
725,Zboncak Inc,67.79,Hilary Dibbe
726,"Wolff, Cummerata and Wisoky",70.87,Arri Conklin
727,Wintheiser-McGlynn,72.46,Austin Castelyn
728,"Dickinson, Lubowitz and Romaguera",54.75,Blithe Youll
729,Dibbert Group,84.56,Mariellen Older
730,"Hartmann, Gleichner and Kuhic",40.5,Celestina Clemonts
731,"Trantow, Carter and Moen",94.17,Rochella Cleghorn
732,"Koepp, Hegmann and Jaskolski",45.93,Marian Faveryear
733,"Konopelski, Harber and Harvey",57.41,Aleda Faughey
734,Waters-Bahringer,53.34,Rene Campey
735,"Bins, Hills and Hilpert",54.21,Brina Iacavone
736,Jenkins-Kuhlman,29.66,Morie Maryon
737,"Cruickshank, Dare and Heathcote",60.82,Welbie Morrison
738,Kuhlman LLC,92.44,Tally Bum
739,"Crona, Macejkovic and O'Conner",72.52,Deva Dimmer
740,Osinski LLC,94.19,Jourdain Yeend
741,"Morissette, Hayes and Corwin",64.53,Zuzana Porker
742,Keeling-Boyle,72.86,Hedvig Spatoni
743,Romaguera-Collins,60.94,Cyndy Turri
744,Senger-Bogisich,7.67,Johnette Lowdeane
745,Pfeffer LLC,42.31,Ryun Prantl
746,"Kuphal, Crist and Huels",30.1,Sianna Tindle
747,"Bashirian, Hessel and Bartell",49.13,Joeann Pennini
748,Corwin-Zulauf,11.34,Desmund Keemer
749,"Lockman, Harber and Stracke",82.99,Elden Dupoy
750,Herzog and Sons,48.91,Keeley Clewlow
751,Daniel and Sons,75.83,Liva Prettyjohns
752,Kreiger Inc,94.3,Woodrow Burgwin
753,Donnelly-Mante,15.32,Marcile Ander
754,"Lemke, Ward and Turcotte",17.3,Hallie Nobbs
755,Hettinger and Sons,46.63,Augustine Aleksandrikin
756,Gleason-Price,60.7,Wood Akam
757,"Rowe, Lynch and Olson",21.08,Amble Puleston
758,"DuBuque, Okuneva and Prosacco",74.9,Jenda Grishaev
759,Bode Group,75.58,Irina Banck
760,Emard and Sons,20.16,Christine Houlahan
761,O'Connell Inc,50.67,Penny Comins
762,"Kessler, Waters and Ryan",2.73,Brodie Gabbott
763,Terry LLC,51.79,Talbert Kennicott
764,Kovacek Group,28.05,Cyndy Deam
765,Adams-Cartwright,56.23,Thelma Fiveash
766,"Reinger, Dicki and Mitchell",53.84,Gabriele Witherington
767,"Altenwerth, Jacobi and O'Hara",64.62,Lowell Tapner
768,Lind-Stracke,77.81,Hillary Gouth
769,Bednar-Gislason,62.39,Nessy Arnholtz
770,Adams Inc,50.74,Nadiya MacQuaker
771,Auer-Sawayn,96.57,Brew Handrahan
772,Borer-Kirlin,3.7,Jordan Sones
773,Glover LLC,16.93,Nelly Hallsworth
774,Waelchi-Fritsch,66.28,Ingamar Jiru
775,Green Inc,83.45,Buckie Daw
776,Gottlieb-Stracke,4.59,Andie Youthead
777,"Berge, Stokes and Oberbrunner",70.65,Sigismondo Colhoun
778,Gusikowski and Sons,92.2,Belva Grissett
779,Grimes-Donnelly,34.98,Bradford Drysdale
780,"Waters, Feeney and Mohr",9.08,Colette Billes
781,Schowalter-Corwin,26.6,Grant Monday
782,Barton Inc,29.1,Urson Towns
783,Herman Group,55.32,Dale Kidd
784,Price Inc,2.15,Almeda Kenrat
785,Ferry-Bahringer,65.39,Olivette Clarycott
786,Kunze Group,39.56,Charlot Germon
787,"Bashirian, Zieme and Botsford",76.01,Westleigh Copplestone
788,"Dibbert, Batz and Towne",37.94,Maggie Tofts
789,"Dach, Aufderhar and Boehm",50.12,Bernete Luckcuck
790,Bashirian-Davis,30.11,Tildie Wrinch
791,Langworth-Maggio,20.9,Milo Cobain
792,"Sporer, Hintz and Wiegand",94.5,Jessey Stetlye
793,Ebert and Sons,23.52,Claus Ochterlonie
794,"Hartmann, Bayer and Hayes",26.41,Christoffer Simco
795,"Shanahan, Kuhlman and Sipes",73.09,King Wimmer
796,Altenwerth-Stokes,26.31,Kellen Rallings
797,Bahringer and Sons,42.64,Cirilo Fargher
798,Barton-Hettinger,72.69,Elke Hurll
799,"Collins, Blanda and Nolan",44.19,Benedetto Jersch
800,Kirlin and Sons,71.13,Doro Touson
801,Swift-Steuber,60.07,Tan Durning
802,Herzog-Boehm,22.15,Lesley Hause
803,Kiehn-Kessler,52.13,Muriel McJerrow
804,Wiza-Hand,90.71,Stormie Schott
805,Jacobson-Torphy,51.72,Max McMennum
806,Lockman-Feest,98.69,Edwin Swait
807,Price and Sons,27.92,Arlie Plester
808,Langworth LLC,13.85,Breena Gippes
809,Rutherford-Boyle,91.78,Tremain Brayne
810,Boehm Group,47.5,Amye Ugoletti
811,Ledner Inc,99.02,Caron Firebrace
812,Ortiz-Harber,47.25,Betteanne Copestake
813,Schultz Inc,73.67,Dot Abbis
814,Waters-Connelly,22.0,Jonis Bartle
815,Runolfsdottir-Howell,93.8,Blakeley Ziehms
816,Douglas-Langosh,94.41,Gary Hamman
817,"Paucek, Kutch and Champlin",84.86,Averell Lamplugh
818,Konopelski and Sons,76.4,Hube Coger
819,Stiedemann Inc,40.77,Letizia Rysdale
820,"Treutel, Lind and Powlowski",92.71,Puff Ketley
821,"Gibson, Gerlach and Stanton",83.45,Jannelle Darmody
822,"Mann, Howe and Mayert",54.9,Leroy Stallibrass
823,Medhurst-Corkery,36.21,Ruthy Frobisher
824,Mueller-Willms,12.23,Lissa Caraher
825,Ledner-Gulgowski,59.4,Caria Penk
826,"Anderson, Beer and Funk",7.59,Massimiliano Teligin
827,Gerlach Inc,46.11,Claudia Alabone
828,"Emard, Altenwerth and Ledner",19.51,Guntar Mableson
829,Treutel LLC,97.94,Cynthie Vlasov
830,Thiel Group,44.66,Codie Leipnik
831,Funk Group,53.26,Jewel Smalls
832,Spinka Inc,21.1,Tobit Giacobilio
833,"Kuvalis, Larson and Emard",13.22,Rana Eastham
834,Sporer-Schimmel,78.7,Josefina Tyne
835,Fisher and Sons,75.94,Jonell Eddleston
836,Reilly Inc,86.16,Hallsy Oller
837,Schroeder-Hermann,51.13,Ring Jaskowicz
838,Wunsch-Dickens,82.67,Myrtice Ebben
839,Boehm-Nikolaus,55.61,Frazer Klimkowski
840,Langosh-Rolfson,3.72,Mil Stubbin
841,Jacobs LLC,92.18,Rosita Dettmar
842,"Kilback, Hilll and Kreiger",79.25,Estel Thirsk
843,"Champlin, Rippin and Kunde",4.42,Gabriel Twinning
844,Gulgowski Group,64.11,Rickie Hanselmann
845,Goldner-Will,72.92,Rickert Mariaud
846,Wolf and Sons,92.07,Bailie Perren
847,Zieme Inc,36.41,Arlinda Oldnall
848,Blick Inc,51.14,Kingston Izak
849,"Friesen, Schroeder and Nikolaus",36.56,Puff Height
850,"Frami, Skiles and Price",40.23,Gardy MacGiolla
851,"Hudson, Harber and Marks",14.92,Virginie McGonigle
852,Hackett-McKenzie,88.51,Nevin Newham
853,MacGyver-Towne,74.78,Levin Pruvost
854,Blanda Group,8.21,Pren Nansom
855,King-Rutherford,66.92,Cherin Corson
856,Ferry Inc,37.54,Rudy Halsworth
857,MacGyver-Shields,89.85,Christiane Lindwall
858,Wilderman-Schultz,66.47,Corabella Normavell
859,Fadel-Rempel,97.33,Cecilius Holyland
860,Medhurst-Koss,70.14,Mabelle Murford
861,Becker Inc,21.29,Nanni Podbury
862,Johnston LLC,18.99,Bill Lewsley
863,Pollich-Koss,85.02,Jehu Venart
864,"Green, Watsica and Sawayn",21.08,Rem Kyne
865,Koss-Murphy,80.24,Haywood Polsin
866,"Thiel, Hodkiewicz and Kutch",87.57,Donavon Bulfoy
867,Gislason LLC,86.0,Kai Butt Gow
868,"Batz, Schinner and Kuhic",71.06,Gigi Cursey
869,"Pfannerstill, Harber and Beatty",32.3,Britt Edes
870,Reilly LLC,53.03,Valentijn Whiles
871,MacGyver LLC,37.49,Peadar Petrescu
872,Welch Inc,1.77,Lindie Thebeaud
873,"Morissette, Bogan and Ritchie",11.07,Gage Greenhalgh
874,Schneider and Sons,62.26,Angie Yeskin
875,Schaden Inc,49.27,Tatum MacGray
876,Howe Inc,20.59,Griswold Hake
877,Runolfsson LLC,36.15,Merell Warre
878,Kutch Inc,32.71,Silvio Thaine
879,Rippin LLC,6.9,Baillie Blakeley
880,Carroll-Will,68.23,Edna Cure
881,"Yost, Murray and Romaguera",18.87,Bibbie Dunan
882,Kuvalis-Toy,35.22,Aili O'Spillane
883,Boehm-Balistreri,37.67,Ilario Gosford
884,Moen-Kunde,55.22,Francklin Naughton
885,Parisian Group,79.4,Cahra Juszkiewicz
886,Jacobson LLC,85.91,Bo Lynam
887,McLaughlin Inc,51.34,Nola Booij
888,Raynor and Sons,28.07,Lind Duddridge
889,Vandervort Inc,69.68,Otho Tramel
890,Romaguera-Christiansen,34.26,Selena Tilbury
891,Baumbach LLC,12.09,Hieronymus Ebertz
892,Nolan-Balistreri,73.37,Sawyer Gapper
893,Prosacco Inc,14.11,Bentlee Yitzovitz
894,Hauck-Conroy,52.22,Karole Maine
895,Franecki-Schaefer,74.76,Celestia MacRannell
896,Williamson-Farrell,53.65,Jocko Mulvy
897,Braun Inc,2.19,Barb Crame
898,"Schowalter, Bartell and Rogahn",60.94,Caprice Yalden
899,"McClure, Runolfsdottir and Sipes",57.63,Malcolm Shoebrook
900,"Nienow, Hauck and Runolfsson",21.31,Burch Dumper
901,Dicki and Sons,74.2,Kevan Pavlishchev
902,"Osinski, Tillman and Jacobson",85.43,Karna Hovard
903,"DuBuque, Beahan and Morissette",99.77,Alena Hallifax
904,"Turner, Pfeffer and Stark",50.27,Becky Yakubovics
905,Larkin Inc,63.53,Jeanna Walak
906,"Robel, O'Kon and Beatty",65.27,Bernetta Schiesterl
907,Kozey LLC,55.17,Sherry Leadbeater
908,Schuster Group,27.65,Dorrie Cridlin
909,Swaniawski-Baumbach,89.13,Darell Clousley
910,Yundt Group,94.81,Jamima Simkovitz
911,"Friesen, Sawayn and Stark",37.16,Conway Tiler
912,Tromp and Sons,8.26,Janel Osgardby
913,Pollich and Sons,10.64,Jennilee Bearn
914,"Lubowitz, Gleichner and Price",24.28,Vitia Bullocke
915,"Pollich, Ruecker and Lind",39.17,Danell Bernuzzi
916,"Grant, McCullough and Jerde",51.99,Merrielle Lansberry
917,Becker-Wisozk,9.54,Dewie Eickhoff
918,Kassulke-D'Amore,13.99,Tonie Marrow
919,Orn and Sons,83.78,La verne Kemwall
920,Borer Inc,83.91,Stanly Stolworthy
921,Jacobs Inc,93.43,Gianna Drover
922,Hintz-Halvorson,66.45,Bernita Bleibaum
923,"Gutkowski, Von and Wilderman",62.88,Duky Bang
924,Mayert-Tremblay,8.02,Jacquelin Antognazzi
925,Thiel-King,93.23,Justus Dallywater
926,Mraz-Lakin,76.04,Irina Tombling
927,Nikolaus LLC,10.26,Ruperto Griffitts
928,Berge Inc,88.35,Lyndsie Carncross
929,Pacocha-Kirlin,81.49,Radcliffe Templar
930,"Rice, Fritsch and Botsford",8.34,Marlee Roney
931,Dicki and Sons,53.31,Saul Chaudron
932,DuBuque-Doyle,49.12,Jacenta La Torre
933,"Wehner, Labadie and Bergnaum",20.69,Sabine Hallowes
934,"Stroman, Connelly and Schmitt",56.94,Lil Boules
935,Douglas-Hahn,89.07,Barbara Behling
936,Konopelski-Nicolas,93.25,Corrina Aspling
937,Morar-Prosacco,43.18,Lesly Alyukin
938,"Mertz, Welch and Gusikowski",56.51,Peggie Vedekhin
939,Adams Group,91.41,Andrew MacCurley
940,Brown-Feeney,64.48,Antony Pordall
941,Hoppe Inc,46.94,Timmie Skeggs
942,Paucek Inc,9.28,Tanner Troke
943,"Beahan, Mueller and Barton",71.87,Biddy Issacoff
944,Larson LLC,78.2,Anne Aindrais
945,"Dietrich, Bartell and Keeling",6.09,Ingeborg Antognozzii
946,Weber Group,9.05,Izaak Handrok
947,Green-Harber,52.34,Garrard Densell
948,Lang and Sons,76.34,Tadeas Ply
949,Graham-Gerlach,51.32,Mercy Allicock
950,Kihn-Becker,31.14,Celestyn Lazer
951,Nicolas-Kulas,59.93,Crosby Yosifov
952,Homenick-Simonis,96.8,Allys Pottie
953,"Heidenreich, Swift and Berge",67.96,Abba Joesbury
954,"Romaguera, Macejkovic and Howe",69.46,Caryn Navarijo
955,White Group,99.96,Sayre Foch
956,Schamberger-Ziemann,5.32,Jacquenetta Aspland
957,"Lemke, Swift and Rohan",46.94,Jaymee Ibbeson
958,Zulauf Inc,66.52,Vi Sindall
959,Koepp-Franecki,10.69,Karine Garrison
960,Abernathy Inc,81.46,Frank Parell
961,Hoeger-Champlin,56.88,Cristobal Navarijo
962,"Smith, Bosco and Padberg",58.6,Collette Lowater
963,Heaney-Wisoky,37.07,Leeanne Merryman
964,"Kessler, Lind and Bins",33.62,Fifine Wallis
965,Kirlin and Sons,3.17,Bea Toulch
966,Bosco-Hoppe,84.74,Dawna Catterson
967,Russel LLC,92.72,Goldarina Trippack
968,"Hammes, Daniel and Kilback",95.84,Delmore Brockhouse
969,Hudson Group,53.48,Fabiano Rutledge
970,Carroll-Medhurst,62.67,Aubrette Ullyott
971,"Kutch, Hauck and Stamm",43.41,Filippa Gommey
972,Lebsack Inc,56.37,Zulema Beedham
973,Schuster Inc,11.49,Jerrylee Smallcomb
974,Hartmann-Gusikowski,86.27,Ailey Stansall
975,"Hackett, Bartoletti and Ratke",73.14,Myrwyn Fardoe
976,Collier and Sons,61.67,Ed Gerrans
977,"Davis, Frami and Ruecker",76.34,Fields Hurndall
978,"Connelly, Berge and Ankunding",3.28,Malanie Bogaert
979,"Hamill, Rath and Flatley",56.22,Morry Veldman
980,Sawayn Group,35.18,Seline Braitling
981,Adams LLC,29.93,Lorilyn LeEstut
982,Nikolaus Inc,85.2,Emmye MacPharlain
983,Watsica Group,84.85,Giana Hedney
984,Schiller-Hartmann,41.86,Ki McCallam
985,"Boehm, Ryan and Schoen",74.73,Aurie Bruford
986,Davis-Runolfsdottir,39.84,Meade Linthead
987,"Ziemann, Sipes and Mueller",77.15,Vivi Pawels
988,Rosenbaum-Farrell,81.99,Holden Carverhill
989,"Toy, Mayert and Hammes",25.31,Frasquito Maffy
990,Parker-Johnston,76.73,Teddie Shurrocks
991,Mann LLC,6.82,Blakeley Jordan
992,Williamson-Mohr,36.71,Fidela Leavry
993,Hudson-Becker,9.67,Dukie Viles
994,Langworth-Graham,19.4,Rayshell Brundall
995,"Hills, Keeling and Crist",54.99,Gaylene Beedie
996,"Monahan, Hauck and Schaden",1.54,Jamison Feather
997,Bergstrom-Rodriguez,73.65,Carri Barhem
998,Medhurst Group,57.3,Courtney Larmor
999,Fahey LLC,15.54,Marcia Stoppe
1000,O'Hara Inc,28.65,Faunie Pigne
